[
{
  "model": "admin.logentry",
  "pk": 1,
  "fields": {
    "action_time": "2022-10-08T15:16:41.044Z",
    "user": 1,
    "content_type": 7,
    "object_id": "1",
    "object_repr": "First blog Post",
    "action_flag": 1,
    "change_message": "[{\"added\": {}}]"
  }
},
{
  "model": "admin.logentry",
  "pk": 2,
  "fields": {
    "action_time": "2022-10-08T17:51:03.997Z",
    "user": 1,
    "content_type": 7,
    "object_id": "2",
    "object_repr": "second post of blog",
    "action_flag": 1,
    "change_message": "[{\"added\": {}}]"
  }
},
{
  "model": "admin.logentry",
  "pk": 3,
  "fields": {
    "action_time": "2022-10-08T17:51:46.695Z",
    "user": 1,
    "content_type": 7,
    "object_id": "1",
    "object_repr": "First blog Post",
    "action_flag": 2,
    "change_message": "[{\"changed\": {\"fields\": [\"Slug\"]}}]"
  }
},
{
  "model": "admin.logentry",
  "pk": 4,
  "fields": {
    "action_time": "2022-10-08T19:12:41.283Z",
    "user": 1,
    "content_type": 7,
    "object_id": "2",
    "object_repr": "second post of blog",
    "action_flag": 2,
    "change_message": "[{\"changed\": {\"fields\": [\"Status\"]}}]"
  }
},
{
  "model": "admin.logentry",
  "pk": 5,
  "fields": {
    "action_time": "2022-10-08T19:12:51.209Z",
    "user": 1,
    "content_type": 7,
    "object_id": "3",
    "object_repr": "Third blog post title",
    "action_flag": 2,
    "change_message": "[{\"changed\": {\"fields\": [\"Status\"]}}]"
  }
},
{
  "model": "admin.logentry",
  "pk": 6,
  "fields": {
    "action_time": "2022-10-09T14:58:06.729Z",
    "user": 1,
    "content_type": 7,
    "object_id": "4",
    "object_repr": "4th post title",
    "action_flag": 1,
    "change_message": "[{\"added\": {}}]"
  }
},
{
  "model": "admin.logentry",
  "pk": 7,
  "fields": {
    "action_time": "2022-10-10T14:21:06.909Z",
    "user": 1,
    "content_type": 7,
    "object_id": "5",
    "object_repr": "5th post",
    "action_flag": 1,
    "change_message": "[{\"added\": {}}]"
  }
},
{
  "model": "admin.logentry",
  "pk": 8,
  "fields": {
    "action_time": "2022-10-10T14:21:23.986Z",
    "user": 1,
    "content_type": 7,
    "object_id": "6",
    "object_repr": "dumbass",
    "action_flag": 1,
    "change_message": "[{\"added\": {}}]"
  }
},
{
  "model": "admin.logentry",
  "pk": 9,
  "fields": {
    "action_time": "2022-10-10T14:21:59.491Z",
    "user": 1,
    "content_type": 7,
    "object_id": "7",
    "object_repr": "seventh blog title",
    "action_flag": 1,
    "change_message": "[{\"added\": {}}]"
  }
},
{
  "model": "admin.logentry",
  "pk": 10,
  "fields": {
    "action_time": "2022-10-10T19:33:24.197Z",
    "user": 1,
    "content_type": 4,
    "object_id": "2",
    "object_repr": "vaibhav062004",
    "action_flag": 1,
    "change_message": "[{\"added\": {}}]"
  }
},
{
  "model": "admin.logentry",
  "pk": 11,
  "fields": {
    "action_time": "2022-10-10T19:33:53.171Z",
    "user": 1,
    "content_type": 4,
    "object_id": "2",
    "object_repr": "vaibhav062004",
    "action_flag": 2,
    "change_message": "[{\"changed\": {\"fields\": [\"Email address\"]}}]"
  }
},
{
  "model": "admin.logentry",
  "pk": 12,
  "fields": {
    "action_time": "2022-10-11T14:30:13.102Z",
    "user": 1,
    "content_type": 8,
    "object_id": "1",
    "object_repr": "Comment by vaibhav on First blog Post",
    "action_flag": 1,
    "change_message": "[{\"added\": {}}]"
  }
},
{
  "model": "admin.logentry",
  "pk": 13,
  "fields": {
    "action_time": "2022-10-13T12:15:56.389Z",
    "user": 1,
    "content_type": 7,
    "object_id": "1",
    "object_repr": "First blog Post",
    "action_flag": 2,
    "change_message": "[{\"changed\": {\"fields\": [\"Status\"]}}]"
  }
},
{
  "model": "admin.logentry",
  "pk": 14,
  "fields": {
    "action_time": "2022-10-13T12:24:56.249Z",
    "user": 1,
    "content_type": 8,
    "object_id": "2",
    "object_repr": "Comment by vaibhav on First blog Post",
    "action_flag": 2,
    "change_message": "[{\"changed\": {\"fields\": [\"Active\"]}}]"
  }
},
{
  "model": "admin.logentry",
  "pk": 15,
  "fields": {
    "action_time": "2022-10-15T19:21:37.394Z",
    "user": 1,
    "content_type": 7,
    "object_id": "2",
    "object_repr": "second post of blog",
    "action_flag": 2,
    "change_message": "[{\"changed\": {\"fields\": [\"Tags\"]}}]"
  }
},
{
  "model": "admin.logentry",
  "pk": 16,
  "fields": {
    "action_time": "2022-10-15T19:21:55.610Z",
    "user": 1,
    "content_type": 7,
    "object_id": "3",
    "object_repr": "Third blog post title",
    "action_flag": 2,
    "change_message": "[{\"changed\": {\"fields\": [\"Tags\"]}}]"
  }
},
{
  "model": "admin.logentry",
  "pk": 17,
  "fields": {
    "action_time": "2022-10-15T19:22:05.785Z",
    "user": 1,
    "content_type": 7,
    "object_id": "4",
    "object_repr": "4th post title",
    "action_flag": 2,
    "change_message": "[{\"changed\": {\"fields\": [\"Tags\"]}}]"
  }
},
{
  "model": "admin.logentry",
  "pk": 18,
  "fields": {
    "action_time": "2022-10-15T19:22:23.920Z",
    "user": 1,
    "content_type": 7,
    "object_id": "5",
    "object_repr": "5th post",
    "action_flag": 2,
    "change_message": "[{\"changed\": {\"fields\": [\"Tags\"]}}]"
  }
},
{
  "model": "admin.logentry",
  "pk": 19,
  "fields": {
    "action_time": "2022-10-15T19:23:02.870Z",
    "user": 1,
    "content_type": 7,
    "object_id": "6",
    "object_repr": "dumbass",
    "action_flag": 2,
    "change_message": "[{\"changed\": {\"fields\": [\"Tags\"]}}]"
  }
},
{
  "model": "admin.logentry",
  "pk": 20,
  "fields": {
    "action_time": "2022-10-15T19:23:14.889Z",
    "user": 1,
    "content_type": 7,
    "object_id": "7",
    "object_repr": "seventh blog title",
    "action_flag": 2,
    "change_message": "[{\"changed\": {\"fields\": [\"Tags\"]}}]"
  }
},
{
  "model": "admin.logentry",
  "pk": 21,
  "fields": {
    "action_time": "2022-10-15T19:23:25.345Z",
    "user": 1,
    "content_type": 7,
    "object_id": "7",
    "object_repr": "seventh blog title",
    "action_flag": 2,
    "change_message": "[{\"changed\": {\"fields\": [\"Tags\"]}}]"
  }
},
{
  "model": "admin.logentry",
  "pk": 22,
  "fields": {
    "action_time": "2022-10-16T07:58:24.947Z",
    "user": 1,
    "content_type": 7,
    "object_id": "8",
    "object_repr": "markdown post",
    "action_flag": 1,
    "change_message": "[{\"added\": {}}]"
  }
},
{
  "model": "admin.logentry",
  "pk": 23,
  "fields": {
    "action_time": "2022-10-16T07:59:21.513Z",
    "user": 1,
    "content_type": 7,
    "object_id": "8",
    "object_repr": "markdown post",
    "action_flag": 2,
    "change_message": "[{\"changed\": {\"fields\": [\"Body\"]}}]"
  }
},
{
  "model": "admin.logentry",
  "pk": 24,
  "fields": {
    "action_time": "2022-10-16T10:25:58.899Z",
    "user": 1,
    "content_type": 11,
    "object_id": "1",
    "object_repr": "localhost:8000",
    "action_flag": 2,
    "change_message": "[{\"changed\": {\"fields\": [\"Domain name\"]}}]"
  }
},
{
  "model": "admin.logentry",
  "pk": 25,
  "fields": {
    "action_time": "2022-10-16T10:26:12.308Z",
    "user": 1,
    "content_type": 11,
    "object_id": "1",
    "object_repr": "localhost:8000",
    "action_flag": 2,
    "change_message": "[{\"changed\": {\"fields\": [\"Display name\"]}}]"
  }
},
{
  "model": "admin.logentry",
  "pk": 26,
  "fields": {
    "action_time": "2022-10-16T10:56:30.971Z",
    "user": 1,
    "content_type": 7,
    "object_id": "9",
    "object_repr": "testing feed post",
    "action_flag": 1,
    "change_message": "[{\"added\": {}}]"
  }
},
{
  "model": "auth.permission",
  "pk": 1,
  "fields": {
    "name": "Can add log entry",
    "content_type": 1,
    "codename": "add_logentry"
  }
},
{
  "model": "auth.permission",
  "pk": 2,
  "fields": {
    "name": "Can change log entry",
    "content_type": 1,
    "codename": "change_logentry"
  }
},
{
  "model": "auth.permission",
  "pk": 3,
  "fields": {
    "name": "Can delete log entry",
    "content_type": 1,
    "codename": "delete_logentry"
  }
},
{
  "model": "auth.permission",
  "pk": 4,
  "fields": {
    "name": "Can view log entry",
    "content_type": 1,
    "codename": "view_logentry"
  }
},
{
  "model": "auth.permission",
  "pk": 5,
  "fields": {
    "name": "Can add permission",
    "content_type": 2,
    "codename": "add_permission"
  }
},
{
  "model": "auth.permission",
  "pk": 6,
  "fields": {
    "name": "Can change permission",
    "content_type": 2,
    "codename": "change_permission"
  }
},
{
  "model": "auth.permission",
  "pk": 7,
  "fields": {
    "name": "Can delete permission",
    "content_type": 2,
    "codename": "delete_permission"
  }
},
{
  "model": "auth.permission",
  "pk": 8,
  "fields": {
    "name": "Can view permission",
    "content_type": 2,
    "codename": "view_permission"
  }
},
{
  "model": "auth.permission",
  "pk": 9,
  "fields": {
    "name": "Can add group",
    "content_type": 3,
    "codename": "add_group"
  }
},
{
  "model": "auth.permission",
  "pk": 10,
  "fields": {
    "name": "Can change group",
    "content_type": 3,
    "codename": "change_group"
  }
},
{
  "model": "auth.permission",
  "pk": 11,
  "fields": {
    "name": "Can delete group",
    "content_type": 3,
    "codename": "delete_group"
  }
},
{
  "model": "auth.permission",
  "pk": 12,
  "fields": {
    "name": "Can view group",
    "content_type": 3,
    "codename": "view_group"
  }
},
{
  "model": "auth.permission",
  "pk": 13,
  "fields": {
    "name": "Can add user",
    "content_type": 4,
    "codename": "add_user"
  }
},
{
  "model": "auth.permission",
  "pk": 14,
  "fields": {
    "name": "Can change user",
    "content_type": 4,
    "codename": "change_user"
  }
},
{
  "model": "auth.permission",
  "pk": 15,
  "fields": {
    "name": "Can delete user",
    "content_type": 4,
    "codename": "delete_user"
  }
},
{
  "model": "auth.permission",
  "pk": 16,
  "fields": {
    "name": "Can view user",
    "content_type": 4,
    "codename": "view_user"
  }
},
{
  "model": "auth.permission",
  "pk": 17,
  "fields": {
    "name": "Can add content type",
    "content_type": 5,
    "codename": "add_contenttype"
  }
},
{
  "model": "auth.permission",
  "pk": 18,
  "fields": {
    "name": "Can change content type",
    "content_type": 5,
    "codename": "change_contenttype"
  }
},
{
  "model": "auth.permission",
  "pk": 19,
  "fields": {
    "name": "Can delete content type",
    "content_type": 5,
    "codename": "delete_contenttype"
  }
},
{
  "model": "auth.permission",
  "pk": 20,
  "fields": {
    "name": "Can view content type",
    "content_type": 5,
    "codename": "view_contenttype"
  }
},
{
  "model": "auth.permission",
  "pk": 21,
  "fields": {
    "name": "Can add session",
    "content_type": 6,
    "codename": "add_session"
  }
},
{
  "model": "auth.permission",
  "pk": 22,
  "fields": {
    "name": "Can change session",
    "content_type": 6,
    "codename": "change_session"
  }
},
{
  "model": "auth.permission",
  "pk": 23,
  "fields": {
    "name": "Can delete session",
    "content_type": 6,
    "codename": "delete_session"
  }
},
{
  "model": "auth.permission",
  "pk": 24,
  "fields": {
    "name": "Can view session",
    "content_type": 6,
    "codename": "view_session"
  }
},
{
  "model": "auth.permission",
  "pk": 25,
  "fields": {
    "name": "Can add post",
    "content_type": 7,
    "codename": "add_post"
  }
},
{
  "model": "auth.permission",
  "pk": 26,
  "fields": {
    "name": "Can change post",
    "content_type": 7,
    "codename": "change_post"
  }
},
{
  "model": "auth.permission",
  "pk": 27,
  "fields": {
    "name": "Can delete post",
    "content_type": 7,
    "codename": "delete_post"
  }
},
{
  "model": "auth.permission",
  "pk": 28,
  "fields": {
    "name": "Can view post",
    "content_type": 7,
    "codename": "view_post"
  }
},
{
  "model": "auth.permission",
  "pk": 29,
  "fields": {
    "name": "Can add comment",
    "content_type": 8,
    "codename": "add_comment"
  }
},
{
  "model": "auth.permission",
  "pk": 30,
  "fields": {
    "name": "Can change comment",
    "content_type": 8,
    "codename": "change_comment"
  }
},
{
  "model": "auth.permission",
  "pk": 31,
  "fields": {
    "name": "Can delete comment",
    "content_type": 8,
    "codename": "delete_comment"
  }
},
{
  "model": "auth.permission",
  "pk": 32,
  "fields": {
    "name": "Can view comment",
    "content_type": 8,
    "codename": "view_comment"
  }
},
{
  "model": "auth.permission",
  "pk": 33,
  "fields": {
    "name": "Can add tag",
    "content_type": 9,
    "codename": "add_tag"
  }
},
{
  "model": "auth.permission",
  "pk": 34,
  "fields": {
    "name": "Can change tag",
    "content_type": 9,
    "codename": "change_tag"
  }
},
{
  "model": "auth.permission",
  "pk": 35,
  "fields": {
    "name": "Can delete tag",
    "content_type": 9,
    "codename": "delete_tag"
  }
},
{
  "model": "auth.permission",
  "pk": 36,
  "fields": {
    "name": "Can view tag",
    "content_type": 9,
    "codename": "view_tag"
  }
},
{
  "model": "auth.permission",
  "pk": 37,
  "fields": {
    "name": "Can add tagged item",
    "content_type": 10,
    "codename": "add_taggeditem"
  }
},
{
  "model": "auth.permission",
  "pk": 38,
  "fields": {
    "name": "Can change tagged item",
    "content_type": 10,
    "codename": "change_taggeditem"
  }
},
{
  "model": "auth.permission",
  "pk": 39,
  "fields": {
    "name": "Can delete tagged item",
    "content_type": 10,
    "codename": "delete_taggeditem"
  }
},
{
  "model": "auth.permission",
  "pk": 40,
  "fields": {
    "name": "Can view tagged item",
    "content_type": 10,
    "codename": "view_taggeditem"
  }
},
{
  "model": "auth.permission",
  "pk": 41,
  "fields": {
    "name": "Can add site",
    "content_type": 11,
    "codename": "add_site"
  }
},
{
  "model": "auth.permission",
  "pk": 42,
  "fields": {
    "name": "Can change site",
    "content_type": 11,
    "codename": "change_site"
  }
},
{
  "model": "auth.permission",
  "pk": 43,
  "fields": {
    "name": "Can delete site",
    "content_type": 11,
    "codename": "delete_site"
  }
},
{
  "model": "auth.permission",
  "pk": 44,
  "fields": {
    "name": "Can view site",
    "content_type": 11,
    "codename": "view_site"
  }
},
{
  "model": "auth.user",
  "pk": 1,
  "fields": {
    "password": "pbkdf2_sha256$390000$YknOirseeKSspViPebFCCa$5k4UcpAW0MabsdSQMZVyxjXY2Of/LrmvT9asnqLi0E8=",
    "last_login": "2022-10-15T18:42:44.718Z",
    "is_superuser": true,
    "username": "vaibhav1606",
    "first_name": "",
    "last_name": "",
    "email": "vaibhavgarg162004@gmail.com",
    "is_staff": true,
    "is_active": true,
    "date_joined": "2022-10-08T15:08:37.607Z",
    "groups": [],
    "user_permissions": []
  }
},
{
  "model": "auth.user",
  "pk": 2,
  "fields": {
    "password": "pbkdf2_sha256$390000$wZIox8tlrTU97BUneHDdtB$dRKTghQlHBx7k2rQCbT4y55jypk3TJVyPZfSJynkrss=",
    "last_login": null,
    "is_superuser": false,
    "username": "vaibhav062004",
    "first_name": "",
    "last_name": "",
    "email": "vaibhavgarg062004@gmail.com",
    "is_staff": false,
    "is_active": true,
    "date_joined": "2022-10-10T19:33:24Z",
    "groups": [],
    "user_permissions": []
  }
},
{
  "model": "contenttypes.contenttype",
  "pk": 1,
  "fields": {
    "app_label": "admin",
    "model": "logentry"
  }
},
{
  "model": "contenttypes.contenttype",
  "pk": 2,
  "fields": {
    "app_label": "auth",
    "model": "permission"
  }
},
{
  "model": "contenttypes.contenttype",
  "pk": 3,
  "fields": {
    "app_label": "auth",
    "model": "group"
  }
},
{
  "model": "contenttypes.contenttype",
  "pk": 4,
  "fields": {
    "app_label": "auth",
    "model": "user"
  }
},
{
  "model": "contenttypes.contenttype",
  "pk": 5,
  "fields": {
    "app_label": "contenttypes",
    "model": "contenttype"
  }
},
{
  "model": "contenttypes.contenttype",
  "pk": 6,
  "fields": {
    "app_label": "sessions",
    "model": "session"
  }
},
{
  "model": "contenttypes.contenttype",
  "pk": 7,
  "fields": {
    "app_label": "blog",
    "model": "post"
  }
},
{
  "model": "contenttypes.contenttype",
  "pk": 8,
  "fields": {
    "app_label": "blog",
    "model": "comment"
  }
},
{
  "model": "contenttypes.contenttype",
  "pk": 9,
  "fields": {
    "app_label": "taggit",
    "model": "tag"
  }
},
{
  "model": "contenttypes.contenttype",
  "pk": 10,
  "fields": {
    "app_label": "taggit",
    "model": "taggeditem"
  }
},
{
  "model": "contenttypes.contenttype",
  "pk": 11,
  "fields": {
    "app_label": "sites",
    "model": "site"
  }
},
{
  "model": "sessions.session",
  "pk": "suczmdm3nf4mlncfatbreg8dauxfut3s",
  "fields": {
    "session_data": ".eJxVjMsOwiAQRf-FtSGU8hCX7vsNZIYZpGogKe3K-O_apAvd3nPOfYkI21ri1nmJM4mLGMTpd0NID647oDvUW5Op1XWZUe6KPGiXUyN-Xg_376BAL9_aeQCvgc6sUjbOK7ABHVrIJpG1hkdrtNYjqkwakMxgEofELmTvR4fi_QH1GDhe:1ohBVY:n_1YSV37rK3Tav3rzli8xVGmU_2KUKN86YQnL1syPww",
    "expire_date": "2022-10-22T15:12:56.232Z"
  }
},
{
  "model": "sessions.session",
  "pk": "ynt6qivvljrl62lyxp64iwreow6ct3ss",
  "fields": {
    "session_data": ".eJxVjMsOwiAQRf-FtSGU8hCX7vsNZIYZpGogKe3K-O_apAvd3nPOfYkI21ri1nmJM4mLGMTpd0NID647oDvUW5Op1XWZUe6KPGiXUyN-Xg_376BAL9_aeQCvgc6sUjbOK7ABHVrIJpG1hkdrtNYjqkwakMxgEofELmTvR4fi_QH1GDhe:1ojm7Q:NRtDxU_9f9VE_FrmGlgNBo6yUJX7djE3vQ6gb_8WqmA",
    "expire_date": "2022-10-29T18:42:44.821Z"
  }
},
{
  "model": "blog.post",
  "pk": 1,
  "fields": {
    "title": "First blog Post",
    "slug": "First-blog-Post",
    "author": 1,
    "body": "testing first blog Post and mysite project",
    "publish": "2022-10-08T15:15:24Z",
    "created": "2022-10-08T15:16:41.039Z",
    "updated": "2022-10-13T12:15:56.387Z",
    "status": "PB"
  }
},
{
  "model": "blog.post",
  "pk": 2,
  "fields": {
    "title": "second post of blog",
    "slug": "second-post-of-blog",
    "author": 1,
    "body": "2nd post content",
    "publish": "2022-10-08T17:50:04Z",
    "created": "2022-10-08T17:51:03.990Z",
    "updated": "2022-10-15T19:21:37.377Z",
    "status": "PB"
  }
},
{
  "model": "blog.post",
  "pk": 3,
  "fields": {
    "title": "Third blog post title",
    "slug": "Third-blog-post-title",
    "author": 1,
    "body": "third blog content",
    "publish": "2022-10-08T18:13:09Z",
    "created": "2022-10-08T18:13:14.838Z",
    "updated": "2022-10-15T19:21:55.594Z",
    "status": "PB"
  }
},
{
  "model": "blog.post",
  "pk": 4,
  "fields": {
    "title": "4th post title",
    "slug": "4th-post-title",
    "author": 1,
    "body": "With the {% extends %} template tag, you tell Django to inherit from the blog/base.html template.\r\nThen, you fill the title and content blocks of the base template with content. You iterate through\r\nthe posts and display their title, date, author, and body, including a link in the title to the detail URL\r\nof the post. We build the URL using the {% url %} template tag provided by Django.\r\n40 Building a Blog Application\r\nThis template tag allows you to build URLs dynamically by their name. We use blog:post_detail to\r\nrefer to the post_detail URL in the blog namespace. We pass the required post.id parameter to\r\nbuild the URL for each post.\r\nIn the body of the post, we apply two template filters: truncatewords truncates the value to the number\r\nof words specified, and linebreaks converts the output into HTML line breaks. You can concatenate as\r\nmany template filters as you wish; each one will be applied to the output generated by the preceding one.",
    "publish": "2022-10-09T14:57:41Z",
    "created": "2022-10-09T14:58:06.697Z",
    "updated": "2022-10-15T19:22:05.777Z",
    "status": "PB"
  }
},
{
  "model": "blog.post",
  "pk": 5,
  "fields": {
    "title": "5th post",
    "slug": "5th-post",
    "author": 1,
    "body": "this is fifth post of blog app",
    "publish": "2022-10-10T14:20:33Z",
    "created": "2022-10-10T14:21:06.900Z",
    "updated": "2022-10-15T19:22:23.912Z",
    "status": "PB"
  }
},
{
  "model": "blog.post",
  "pk": 6,
  "fields": {
    "title": "dumbass",
    "slug": "dumbass",
    "author": 1,
    "body": "fuck off",
    "publish": "2022-10-10T14:21:09Z",
    "created": "2022-10-10T14:21:23.978Z",
    "updated": "2022-10-15T19:23:02.853Z",
    "status": "PB"
  }
},
{
  "model": "blog.post",
  "pk": 7,
  "fields": {
    "title": "seventh blog title",
    "slug": "seventh-blog-title",
    "author": 1,
    "body": "We have added a try and except block to manage the EmptyPage exception when retrieving a page. If\r\nthe page requested is out of range, we return the last page of results. We get the total number of pages\r\nwith paginator.num_pages. The total number of pages is the same as the last page number.\r\nOpen http://127.0.0.1:8000/blog/?page=3 in your browser again. Now, the exception is managed\r\nby the view and the last page of results is returned as follows:",
    "publish": "2022-10-10T14:21:26Z",
    "created": "2022-10-10T14:21:59.483Z",
    "updated": "2022-10-15T19:23:25.337Z",
    "status": "PB"
  }
},
{
  "model": "blog.post",
  "pk": 8,
  "fields": {
    "title": "markdown post",
    "slug": "markdown-post",
    "author": 1,
    "body": "This is a post formatted with markdown\r\n--------------------------------------\r\n\r\n*This is emphasized* and **this is more emphasized**.\r\n\r\nHere is a list:\r\n\r\n* One\r\n* Two\r\n* Three\r\n\r\nAnd a [link to the Django website](https://www.djangoproject.com/).",
    "publish": "2022-10-16T07:56:09Z",
    "created": "2022-10-16T07:58:24.472Z",
    "updated": "2022-10-16T07:59:21.494Z",
    "status": "PB"
  }
},
{
  "model": "blog.post",
  "pk": 9,
  "fields": {
    "title": "testing feed post",
    "slug": "testing-feed-post",
    "author": 1,
    "body": "blank",
    "publish": "2022-10-16T10:55:52Z",
    "created": "2022-10-16T10:56:30.958Z",
    "updated": "2022-10-16T10:56:30.958Z",
    "status": "PB"
  }
},
{
  "model": "blog.comment",
  "pk": 1,
  "fields": {
    "post": 1,
    "name": "vaibhav",
    "email": "vaibhavgarg162004@gmail.com",
    "body": "first comment body",
    "created": "2022-10-11T14:30:13.098Z",
    "updated": "2022-10-11T14:30:13.098Z",
    "active": true
  }
},
{
  "model": "blog.comment",
  "pk": 2,
  "fields": {
    "post": 1,
    "name": "vaibhav",
    "email": "vaibhavgarg062004@gmail.com",
    "body": "no one cares",
    "created": "2022-10-13T12:22:03.879Z",
    "updated": "2022-10-13T12:24:56.247Z",
    "active": false
  }
},
{
  "model": "blog.comment",
  "pk": 3,
  "fields": {
    "post": 7,
    "name": "vaibhav",
    "email": "vaibhavgarg162004@gmail.com",
    "body": "no one asked",
    "created": "2022-10-15T17:08:40.932Z",
    "updated": "2022-10-15T17:08:40.932Z",
    "active": true
  }
},
{
  "model": "blog.comment",
  "pk": 4,
  "fields": {
    "post": 7,
    "name": "vaibhav",
    "email": "vaibhavgarg162004@gmail.com",
    "body": "blah! blah! blah!",
    "created": "2022-10-15T17:18:33.205Z",
    "updated": "2022-10-15T17:18:33.205Z",
    "active": true
  }
},
{
  "model": "blog.comment",
  "pk": 5,
  "fields": {
    "post": 7,
    "name": "vaibhav1606",
    "email": "vaibhavgarg162004@gmail.com",
    "body": "🤓🤓🤓",
    "created": "2022-10-15T17:19:41.703Z",
    "updated": "2022-10-15T17:19:41.703Z",
    "active": true
  }
},
{
  "model": "taggit.tag",
  "pk": 1,
  "fields": {
    "name": "web dev",
    "slug": "web-dev"
  }
},
{
  "model": "taggit.tag",
  "pk": 2,
  "fields": {
    "name": "django",
    "slug": "django"
  }
},
{
  "model": "taggit.tag",
  "pk": 3,
  "fields": {
    "name": "python",
    "slug": "python"
  }
},
{
  "model": "taggit.tag",
  "pk": 4,
  "fields": {
    "name": "dumbass",
    "slug": "dumbass"
  }
},
{
  "model": "taggit.tag",
  "pk": 5,
  "fields": {
    "name": "fuck off",
    "slug": "fuck-off"
  }
},
{
  "model": "taggit.tag",
  "pk": 6,
  "fields": {
    "name": "web",
    "slug": "web"
  }
},
{
  "model": "taggit.tag",
  "pk": 7,
  "fields": {
    "name": "markdown",
    "slug": "markdown"
  }
},
{
  "model": "taggit.tag",
  "pk": 8,
  "fields": {
    "name": "blank",
    "slug": "blank"
  }
},
{
  "model": "taggit.taggeditem",
  "pk": 1,
  "fields": {
    "tag": 1,
    "content_type": 7,
    "object_id": 1
  }
},
{
  "model": "taggit.taggeditem",
  "pk": 2,
  "fields": {
    "tag": 2,
    "content_type": 7,
    "object_id": 1
  }
},
{
  "model": "taggit.taggeditem",
  "pk": 3,
  "fields": {
    "tag": 3,
    "content_type": 7,
    "object_id": 1
  }
},
{
  "model": "taggit.taggeditem",
  "pk": 4,
  "fields": {
    "tag": 2,
    "content_type": 7,
    "object_id": 2
  }
},
{
  "model": "taggit.taggeditem",
  "pk": 5,
  "fields": {
    "tag": 3,
    "content_type": 7,
    "object_id": 2
  }
},
{
  "model": "taggit.taggeditem",
  "pk": 6,
  "fields": {
    "tag": 1,
    "content_type": 7,
    "object_id": 3
  }
},
{
  "model": "taggit.taggeditem",
  "pk": 7,
  "fields": {
    "tag": 3,
    "content_type": 7,
    "object_id": 3
  }
},
{
  "model": "taggit.taggeditem",
  "pk": 8,
  "fields": {
    "tag": 2,
    "content_type": 7,
    "object_id": 4
  }
},
{
  "model": "taggit.taggeditem",
  "pk": 9,
  "fields": {
    "tag": 1,
    "content_type": 7,
    "object_id": 5
  }
},
{
  "model": "taggit.taggeditem",
  "pk": 10,
  "fields": {
    "tag": 2,
    "content_type": 7,
    "object_id": 5
  }
},
{
  "model": "taggit.taggeditem",
  "pk": 11,
  "fields": {
    "tag": 4,
    "content_type": 7,
    "object_id": 6
  }
},
{
  "model": "taggit.taggeditem",
  "pk": 12,
  "fields": {
    "tag": 5,
    "content_type": 7,
    "object_id": 6
  }
},
{
  "model": "taggit.taggeditem",
  "pk": 14,
  "fields": {
    "tag": 1,
    "content_type": 7,
    "object_id": 7
  }
},
{
  "model": "taggit.taggeditem",
  "pk": 15,
  "fields": {
    "tag": 1,
    "content_type": 7,
    "object_id": 8
  }
},
{
  "model": "taggit.taggeditem",
  "pk": 16,
  "fields": {
    "tag": 7,
    "content_type": 7,
    "object_id": 8
  }
},
{
  "model": "taggit.taggeditem",
  "pk": 17,
  "fields": {
    "tag": 8,
    "content_type": 7,
    "object_id": 9
  }
},
{
  "model": "taggit.taggeditem",
  "pk": 18,
  "fields": {
    "tag": 2,
    "content_type": 7,
    "object_id": 9
  }
},
{
  "model": "sites.site",
  "pk": 1,
  "fields": {
    "domain": "localhost:8000",
    "name": "localhost:8000"
  }
}
]
